"x.0","x.1","x.2","x.3"
1,-0.195541096502743,0.671566162155522,0
1,1.25065873799963,-2.19855528895165,0
1,-0.898992972961525,1.03926579559196,0
1,2.933080419679,-2.01733869307613,0
1,1.10793742958523,-0.212557307122936,1
1,-0.198636728691273,1.7150214032566,0
1,1.36415436543351,-2.2113147089859,0
1,-0.61039616777124,1.15944519819168,0
1,-2.51687492996912,0.377119448550499,1
1,0.0994671408696559,-1.77240213996044,0
1,-1.20614646418575,0.0139688642513847,0
1,2.08885137573811,-1.03630628327257,0
1,0.0656167115641271,1.03577895425356,0
1,-0.0193458559341506,-0.477359607521717,0
1,2.32300124060745,-1.15606139158096,1
1,0.154541000607598,-0.252760174246953,0
1,0.1091212861969,-2.46728623061326,0
1,-2.70377523235477,1.43122611891551,0
1,2.79949370728375,-2.14918255437788,0
1,-2.45133095960871,0.825193885707533,0
1,2.35217703542347,-1.16897023081332,0
1,-1.61136158675011,1.21380955926604,0
1,1.30732176666579,-0.394086865236433,0
1,-0.195716875579534,0.0927200105987634,0
1,0.69040243885486,-1.80143386099121,0
1,-2.20496200559519,1.54136700768729,1
1,-0.740492278762136,-2.19951537515878,1
1,-0.750723423922479,3.36756545586423,0
1,0.400397263688099,-0.0749574442740326,0
1,-0.265139494759612,0.340093886379444,0
1,0.757203473100781,-1.89484848146216,0
1,-0.515953529264979,1.58520456357932,1
1,-1.15995636826176,1.60363556556151,0
1,-0.741708466994417,-1.10219807005418,1
1,0.379204935885032,-0.776118295825983,0
1,0.0696521987978538,-0.60600793999793,0
1,0.591369118562604,-1.5406537129181,0
1,-1.28420695844932,1.67647497901129,0
1,-1.04961672638803,1.42889895394236,1
1,0.188216053334877,-1.21246110199642,0
1,-0.257281400696284,1.57807904503971,0
1,2.04510537945234,-0.173713680157794,1
1,0.433434697704533,-0.541486193505116,0
1,-1.62000392587841,-0.185180604350842,0
1,1.16212104486994,-0.387418115067683,0
1,0.154673621970979,0.2439777899866,0
1,-0.0988542401658346,0.419123277838275,0
1,-1.02293893088022,1.37508494747491,0
1,1.10155250789806,-1.88352113992477,0
1,-0.975334176769738,1.83824860063236,0
1,2.48213273797017,-2.08181043965626,0
1,-1.87870851294608,1.17517093577831,0
1,1.0020941466187,-0.679359292027111,0
1,-2.06219626141254,0.172203157626147,1
1,0.738470504411862,0.906125609951524,0
1,0.91969331573484,-0.645708048995803,1
1,-0.410710094493831,-0.272831154571118,0
1,-1.75681554160425,0.042015212007788,1
1,-0.739390866109568,0.504198717206284,0
1,1.79187085490567,-1.8694536902251,0
1,-1.45457630310725,2.0988533594353,0
1,0.396817997402367,0.84557248477195,0
1,-3.04190682154371,1.1112890597426,0
1,2.28948100871293,-2.26012212193492,0
1,0.463472675334021,1.73632582557814,0
1,0.819889728297555,1.04782255023288,1
1,-1.09627307077115,-0.901543107687223,0
1,-2.45974177920006,1.74107264738242,0
1,-1.65920365826857,2.20388264804156,1
1,1.52315625885953,-0.00377755507096056,0
1,-1.46728296197062,-1.82522330408203,0
1,1.55581449534144,-2.12647905111338,1
1,-0.805000684835588,0.0380346319629281,0
1,-0.80848032445121,0.552168409303017,0
1,0.212233303770763,-1.38284671575815,0
1,-2.30038900567218,2.26960596400597,0
1,1.96816238105896,-2.33852726159552,0
1,-1.34578559018435,0.712026341748376,1
1,1.85019716812378,-0.923803628734124,1
1,-2.02530204546319,0.643875908033486,0
1,4.10432025431713,-1.13357948877903,0
1,-0.61693860388869,0.669729082413396,0
1,0.951267065904688,-1.20843983805394,0
1,-1.97191997077731,1.11884287879464,1
1,-1.34797918273083,2.35214393237382,0
1,0.173174666640434,-0.437502713388158,1
1,0.314953915803073,-1.99092505156989,0
1,1.88093306506602,0.541826907779074,1
1,-0.714562878719897,0.515877128023871,0
1,1.01972479718018,-2.80414090328377,0
1,-1.03904957651398,1.78038098055726,0
1,0.774699436571999,-1.39140091185528,0
1,-1.46313104329225,1.80392040836973,0
1,0.572091879157943,1.66540044198034,1
1,1.22636847677098,-0.137652987916448,0
1,-1.27015804554302,1.17102755210089,0
1,0.713925453267561,1.28682595548467,1
1,0.45488080685958,-3.57036125883156,0
1,0.990532710209211,-1.37059271388504,1
1,-0.265914609093631,2.31933622387365,0
1,-0.240830019848842,-0.625454369135001,0
1,-1.78646936313156,0.254134170725028,0
1,1.33891854442205,0.86666789392041,0
1,-0.820337981456871,2.11345065718565,0
1,-0.0005808244987624,-0.524658099382305,0
1,-0.947470788681093,0.0198308748595073,0
1,-3.47715309708542,-0.853178498284301,1
1,0.327608976536017,-0.3226219792149,0
1,-1.49410392008898,0.213229768413833,0
1,0.77874764077903,-2.28193847684091,0
1,-0.456942757191038,0.962849452989148,0
1,-0.665485305459758,-1.68441720664987,0
1,-1.74055338892739,1.25004504021503,0
1,2.50168376989351,-1.62515073237432,0
1,-0.849274046602559,1.24433188154602,0
1,1.87342455658423,-0.851063533434471,0
1,-1.50953056143235,1.08237700363417,0
1,0.54255632944272,-2.40549496968858,0
1,-1.89416016811558,2.08950963713828,0
1,3.00937989130427,-1.13450931911217,0
1,-2.66612785447134,0.974665003530957,0
1,2.11874530542968,-1.16303568355642,0
1,-0.994408025658854,1.36305944642624,0
1,0.228321692602748,-1.27527358111451,0
1,-1.23306986368695,1.795869871648,0
1,0.682565470165849,-1.41334921145016,0
1,-1.33863489282895,2.52371320581942,0
1,1.21439649275244,-2.37068045694915,0
1,0.952737335123066,-0.132752695064683,1
1,0.238834365864419,2.66442941721661,0
1,0.285232058398645,0.472624925094373,0
1,-2.06720728691621,-0.12396687703989,0
1,1.70917754051119,0.0804015921110115,0
1,-0.516128007726625,-2.15312944476216,0
1,1.06605380308478,-2.53837814986038,0
1,-0.676760080747869,2.29100165129528,0
1,-1.28415730943747,0.759622011329296,1
1,2.18245907932478,-0.92754143300294,0
1,-2.28936925131786,0.94265455522789,0
1,1.9741040495335,-1.78269959387829,0
1,0.347533274038458,1.52890492046709,0
1,-0.0840273817648445,-4.31918418731052,0
1,-1.01382027412631,3.20819763086113,0
1,1.7664968465178,-1.26511019974172,0
1,-1.07285665826794,1.44910406008121,0
1,1.09650898714215,-2.88720892994769,1
1,-1.13039273529953,0.342163364576522,1
1,1.2610837953217,-1.51049796934289,0
1,2.50916581168184,0.430258670506589,1
1,-2.18887165217656,1.53663451326646,1
1,-0.458488368715067,0.635241068452171,0
1,2.67606886874996,-1.05974090882778,0
1,2.40045046496718,-0.317396102089084,1
1,-0.719430842345513,0.972180513904146,0
1,-0.00866617681900861,-2.19500998142624,0
1,-1.60240972541677,2.86077836595048,0
1,0.617500615236551,0.527123963668219,0
1,-2.51662110174402,0.316673309968105,1
1,-0.0513457721523014,-1.65215985187486,0
1,2.00459132566547,0.389621951135994,0
1,1.04218480083219,0.570899067078697,1
1,-1.49046718356106,1.04169599032243,0
1,-0.76755213982205,-0.944643507853833,0
1,-1.06828905024738,1.34396451643605,0
1,1.09320519094597,-2.25028699614053,0
1,-0.952860815042598,2.05761968510265,0
1,-1.03946661438101,0.78942123259744,1
1,2.03866394644089,2.26348012951724,1
1,-0.358565363786905,-1.50039014442804,0
1,1.16810140074198,1.69089580180754,0
1,-0.0587276434692299,0.467911235529566,0
1,-2.36139358883103,1.58451083068506,0
1,3.05068233819916,-1.49374878811868,0
1,-2.05797752229459,0.0615034318748485,1
1,-2.25971284336541,-0.716373308677606,0
1,0.967052620565701,-0.786736879981104,0
1,-1.4402289658889,1.27179375191324,0
1,-0.749796118699012,-0.305546278628283,0
1,1.02964531527606,-1.30405986663679,1
1,-1.13724997423804,1.57845881306607,0
1,-1.48398560108996,0.54051833267103,1
1,1.29481526057743,-1.23759922525156,0
1,-0.625804037749388,1.23188205590069,0
1,1.18051670331995,-1.21252994995004,0
1,-0.00759003983681683,1.75707443563956,0
1,0.806318017267731,-0.180944764370055,0
1,-1.35196550339191,-0.223196219646836,0
1,0.499915766515024,-1.29558055197328,0
1,-1.63859980042426,3.92504398910172,0
1,2.05398335059535,0.421407869590583,0
1,-2.25660701448672,0.694202612806572,0
1,0.757068932368252,-0.273855846740745,0
1,-0.475929503664083,-0.0155199817777547,0
1,1.54811204309538,-0.978910256227857,0
1,-1.35487249666895,2.27246554785856,0
1,0.168695809801542,-1.90787964648767,0
1,-1.95150059161013,0.63561524782492,0
1,0.448759769834498,-1.99398434404073,0
1,-2.14516485015781,1.46476113259936,0
1,1.78825101603164,-0.724178828050892,0
1,-1.23602967786472,1.76442179656136,0
1,-0.0462730812181404,-1.03478367402909,0
1,-3.28483705774579,0.985715638862298,0
1,1.28359690356568,-0.472125983774575,0
1,-1.72531256848064,1.69292201475511,0
1,1.07088553994588,-0.603365911378724,0
1,1.28180932193569,-1.61080652213053,1
1,-0.675198997791658,-0.17039584669584,0
1,0.0111401054419541,-1.36299299407302,0
1,-1.80863285846431,2.07329241295552,0
1,-1.01974261215184,1.40353999244933,1
1,1.48912322924348,-2.18490134190355,0
1,-1.38906073546887,2.59765575214302,0
1,0.837081519687593,-1.03372254586937,0
1,-2.53088472285771,1.28708451747398,0
1,0.816478042113416,-0.0653053149874839,0
1,-0.94900999151388,2.29525731808487,0
1,3.66386280126372,-1.77343484347911,0
1,-1.8076190124737,2.96294211433604,0
1,0.396162282942204,0.489793289503144,0
1,-2.37648679517485,0.63278418338265,0
1,-0.00324990878331444,-1.39955122861388,0
1,-0.192600375785031,-1.35173675907609,1
1,-0.393784521924231,2.29525409670397,0
1,-0.0522835761049922,1.26899685088698,1
1,0.433665801189712,-1.92972220841983,0
1,-2.57880811893107,1.51321447544535,0
1,3.17977770383812,-1.34651735067655,0
1,-0.945138473127447,1.74875086406267,0
1,0.632286226416073,-2.08455907688112,1
1,-1.60961301190696,2.88557995484247,1
1,1.07303242632405,-2.11898319415844,1
1,0.374881715954684,-0.587322692639945,0
1,1.14273247419863,1.17976350310299,0
1,-1.26164760140026,-2.58284236222083,0
1,0.4138661778396,2.89474251126265,0
1,2.02534443715363,-1.65330106788233,0
1,-0.844347430372714,1.28285665837243,0
1,0.603956095897291,-1.16385919383913,0
1,-0.45092789903977,-0.209243960227179,0
1,1.14095588314516,-1.19458842280423,0
1,-0.625375790676516,1.31877556474096,0
1,-0.891119690408978,-0.816479758266983,0
1,-0.0248908188846508,0.468331294993927,0
1,-1.73743264625823,1.14138544339457,1
1,1.12058554119064,-2.05054442004954,0
1,-1.37957940670237,1.80455051165379,0
1,1.6121464274784,-1.85669647883868,0
1,1.14936392872862,1.49656053354084,0
1,-0.0431464682097635,-0.828924851162049,1
1,0.436442253757523,-1.74029938750871,0
1,0.281727155320336,1.76603258025652,0
1,0.928858005933501,-1.71886265466685,0
1,0.950922920699409,1.76144260442044,0
1,0.434967117300233,-2.01659789493058,0
1,-0.093074840499596,1.98622491779893,1
1,-0.54545298776693,1.29882227608122,0
1,2.36634927601895,-1.31421852415978,0
1,-0.32765382741907,2.57365881532194,0
1,-1.09700945164227,-0.123120331174885,0
1,-2.05484805074462,-0.492772550346952,0
1,1.27143809879502,-0.70008604099537,1
1,1.87868322678391,-0.499742148666321,0
1,-1.66276056172065,1.18004173770716,1
1,-1.47257663778054,1.02107957070344,0
1,1.77045898423773,0.570529680896917,0
1,0.159830185867142,0.269830738486263,0
1,0.30029264135268,0.0868654587802871,0
1,0.483069845008672,-2.59269795820268,1
1,-0.156758140468459,0.493396580984806,1
1,0.139463018995962,-0.543661346393988,1
1,-0.0452637547357562,1.01352644004264,0
1,0.742033978357399,0.814911630587729,0
1,-0.590829441182866,0.497262004741296,0
1,0.647476593914256,1.37347349612764,1
1,1.98920313116381,-0.269188508058652,0
1,-0.769024988372044,-1.68996896591391,1
1,-0.935814016972049,0.602166825216103,0
1,2.48916172583969,0.209012539559943,0
1,-1.42714439562202,-0.675204155752882,0
1,3.07911527252905,-0.525606165898422,0
1,-0.851296324624848,-0.0508692546328469,0
1,1.14260216492754,-1.02389303609282,0
1,-2.33932586940173,1.51106955192477,0
1,2.33163348144054,-1.82167309040022,0
1,-0.599088256623131,2.13073264731456,0
1,1.001452741412,0.277917921637079,0
1,0.190886121157641,0.261558768935149,0
1,1.29263314120299,-1.16717734434287,0
1,0.34790652671229,0.284946711755666,0
1,-0.415680454686874,-0.796721794930174,0
1,-1.10645358171469,1.05420644230662,0
1,-0.820830523406971,0.291349633431652,1
1,0.942540302326477,0.353262288747118,1
1,2.40591558023475,-0.418906661710178,0
1,-1.7773025511622,1.89722503676018,0
1,0.345297904769584,-0.139618003015061,0
1,-0.493502190645553,0.768568468120121,1
1,-1.07090578890849,0.378983882121027,0
1,1.10898733975458,-1.86533516154275,0
1,-1.5299300046537,0.913459231956942,0
1,2.32986410310999,0.0620114831292917,0
1,-0.546490556327533,0.919626956778891,0
1,0.232934400464301,1.03030034868559,0
1,0.319659204132806,0.222183087996669,0
1,-0.771052277424435,-0.332093334071079,0
1,0.879120364199618,1.74736037328789,0
1,-0.22176732304095,0.447683722332179,0
1,-1.88680032974043,0.401533191632864,0
1,2.40259176878824,-1.83339339686491,0
1,-1.75779596141636,1.64635062169846,0
1,0.600207833221995,-1.14924875253658,1
1,2.46780297350053,-1.79540511459601,0
1,0.301053669758557,0.869921681886456,1
1,-0.504854004142024,1.6356834846694,0
1,0.621268910119719,-1.52331231489035,0
1,-0.887867420890756,0.884814509250063,0
1,1.00189992255641,1.33579611213667,1
1,0.756156261280181,-4.15987977387928,0
1,-2.79701638283179,3.60402114504765,0
1,1.5968459154763,-0.945182282085658,0
1,-1.77570473107483,2.94372150658445,0
1,-0.603334118929536,1.3109284267477,1
1,1.32586731809903,-1.31509642878714,0
1,-0.325818071541449,1.70846517905251,0
1,0.543937616268521,-0.760785277313546,0
1,-0.55642149305427,-0.0401302401592587,0
1,1.33572688736171,-2.13424173029705,0
1,-0.342010429747274,1.33316731683614,0
1,2.0682521481343,-0.924600366251195,1
1,2.16527187009231,0.0431832176850242,0
1,-0.155635594048721,0.895331698423596,0
1,0.775701067958106,-1.01451429700938,0
1,-0.706236194554689,1.57857537974168,0
1,2.61520909535472,-1.78771479546616,0
1,-2.0364985243943,1.31494356715161,0
1,1.53154181784178,-0.363287579249284,0
1,-2.13772730521907,1.77848380622537,0
1,1.90290248469642,-2.66057967974129,0
1,-1.06700208866413,2.68043200974643,0
1,-0.74542103530707,1.01029754480221,0
1,-0.385966443443545,-0.905203521693852,0
1,-0.51349754706697,1.7941587443851,1
1,1.45347715459021,-0.512575991898984,0
1,-1.56233085543697,0.177025188557067,0
1,2.57462450060337,-1.36437371086209,0
1,-0.632048244673771,0.738839231341869,0
1,0.68496581324881,-1.83717559340357,1
1,-0.316689941510727,-2.35813665161179,0
1,0.520638916004883,0.188666591054498,0
1,2.09743842585037,-1.76158954680815,0
1,0.650515533027846,-0.0501414775425759,1
1,-2.99317218227653,2.47819581611069,0
1,0.133603137095584,-0.110782619997768,1
1,1.87125130100115,-0.0805190435699668,0
1,-0.480863764319963,0.402629918615948,1
1,-1.68430607053535,1.47468213898659,0
1,0.565220563087299,0.639027643301584,1
1,2.213458062406,-1.03157141002542,0
1,-2.43708631660506,2.40383742356708,0
1,0.348808447376654,-0.465530522851454,0
1,-1.47813122072347,-0.070597933988787,0
1,-0.151930571005591,1.31479939148572,0
1,-0.465351561280027,0.573691380525071,1
1,-0.364736629632033,-0.333512877399767,0
1,-0.142467902306018,-0.901592311878435,0
1,-2.62357078470942,1.87217896223172,0
1,1.91289713409198,-1.54761453729899,0
1,-0.558232878660149,1.5333012541156,0
1,2.23158495611564,-1.52859835904479,0
1,1.86860044997475,-0.0858249807246432,1
1,-1.54953644353374,-0.532694358676709,1
1,-2.10186750609656,0.574951316222731,0
1,2.31169170372567,-0.835834472777586,0
1,0.702232918905842,0.210414664012099,0
1,0.374488521192078,-1.52280800148402,0
1,0.883953573642738,1.3592618790244,0
1,1.1367701523758,-0.574203853700672,0
1,-0.659125541985542,0.841147415026445,0
1,1.66325833724738,-0.711900634881621,0
1,0.0629668162503458,-1.25166882038774,1
1,-0.439805966650762,0.329311836575796,0
1,0.859279917532393,-2.81476200700753,0
1,-2.60249665634723,1.1272311691914,1
1,-1.52373145622351,0.381996651920462,0
1,1.06283380706797,-0.554186658935917,0
1,-0.303389923243433,-0.517613903381961,0
1,-1.06555311059716,0.404225045291265,0
1,0.550896727735728,-1.60278751699383,0
1,0.644465856001956,-0.831805762790711,0
1,0.341826017218525,-1.42194937356266,1
1,-0.586559992308254,2.30475766100183,0
1,1.47618011563894,-1.86338188984769,0
1,-0.948278691912292,0.93783516443511,0
1,0.0464889940321226,-1.26926326860676,0
1,-0.582886853427284,-0.473098862055357,1
1,-3.42147662693491,-0.246301078439571,0
1,0.829391804574216,-0.298618849234096,0
1,-1.03601584275313,0.954200289126259,0
1,1.42526201425439,0.610821804147202,1
1,0.56856217224694,-0.516811695223768,0
1,-0.641448720523671,0.0572087475132241,0
1,0.893654295852627,-0.949196765203114,0
1,-1.71306928818051,0.90555077427321,0
1,-0.809613183896615,-0.0878041297142449,1
1,1.97637572630145,-1.37210010729327,0
1,-1.44005775240127,1.53340658804331,0
1,0.86863628584534,-1.75319419260532,0
1,-0.450383535212378,1.72608957610344,0
1,0.491810745134567,-3.05060574390416,0
1,-2.09626967536483,1.12482910219334,0
1,0.622585898877349,1.6052069197831,0
1,-0.239668209035493,-1.54751251247517,0
1,0.0030071921701551,-1.48201907243887,0
1,-0.929643752911167,1.58908068642897,0
1,-0.0696992502983194,-1.46926115405691,0
1,0.246379394975722,1.35239928968978,0
1,1.57395175819489,-1.54924948002236,1
1,0.0421955587524521,-1.3498110832466,0
1,-2.76255417202693,0.439797043596288,1
1,-0.505395576963424,2.2495482959938,0
1,0.351014969703184,-1.38474243577197,0
1,0.9189749590864,1.27406622226894,0
1,0.154591496538949,-2.96042531547807,0
1,-0.944148570337939,3.4101138810438,0
1,0.517935479975505,-0.314199375680203,1
1,1.39823564497562,-0.524308695414352,0
1,-1.64745085529942,0.84523297029446,0
1,1.25163395504079,-2.02971319030538,0
1,-0.37715161120361,1.67230668210305,0
1,-1.03423654376941,0.930956244167413,1
1,1.64440132040174,-1.48624843040705,0
1,0.766806716690012,1.27563292469672,1
1,-2.22689059232298,1.34817123513736,0
1,2.08759999957201,-0.786843086602261,0
1,-1.57769876425523,-0.145025508019634,0
1,-1.2506140961957,2.74897711710087,1
1,1.69907184140541,-2.63413247446768,1
1,-1.66700567450437,-1.29957140651391,1
1,1.06645726884253,-2.43681522726943,0
1,0.227091259843407,0.751576210319519,1
1,-1.44106060727965,0.965521580865761,0
1,0.900117217672388,-1.4673049098987,0
1,-0.570024033767565,1.64492789794917,0
1,0.449710520732861,-0.233675527484288,0
1,-0.344964800502321,-0.266343795464042,0
1,0.814586410542113,0.896183834240418,0
1,-2.99716010972099,-1.75022454111911,0
1,-0.121134188643591,1.21444307909066,1
1,0.323100180502381,-2.79553962555113,0
1,-2.07315331850743,2.22596569326785,0
1,1.88338658078838,-0.176525535375067,0
1,-0.269230170868557,0.523131402619083,0
1,0.554855515161139,0.269069104823763,0
1,0.196087401256294,-0.190835884162369,0
1,0.717274364199098,0.54352958979307,0
1,-1.77583515590008,-1.36922731963812,0
1,0.901399207087407,-0.67123365161333,0
1,-0.979761428422468,0.946703320907221,0
1,1.13786610106338,-0.278825719848098,0
1,0.990860965077106,2.48676381600753,0
1,-0.540264404028143,-1.62359517483203,0
1,-0.606614527858961,3.02623167906159,0
1,0.588171464710893,-1.28013012235629,0
1,-0.244311544237154,1.51729134618496,0
1,-0.674847907059734,-0.882056212723851,1
1,0.520616820000891,1.6277921063097,1
1,1.14199398367209,-0.675039068348748,1
1,1.63225094229793,-2.7647345482952,0
1,-1.50924836395184,3.71428491951002,0
1,0.894210447367273,-1.70481405098432,0
1,-0.978147750706067,1.74430553223475,0
1,0.961428815106838,-1.02404873949929,0
1,0.448328777084749,1.86101931634219,0
1,0.0649663056657415,-0.910491600958791,0
1,-0.27444459354548,2.52663237510982,1
1,-2.3252216236336,1.28880340407401,0
1,2.17442564612307,0.0882536477971836,0
1,-1.08917151481568,1.01475852592256,0
1,1.50018843718801,-0.122665164745196,0
1,0.342425706783908,1.7023103001153,0
1,0.184471814046151,-1.39192099684772,0
1,-0.792524256768784,-1.7934342127716,1
1,0.42407490857524,1.56672986124798,1
1,-1.27131308545639,1.72676135832061,0
1,1.38846157022283,-0.688167407261619,0
1,-0.38646478653725,0.244465662198742,0
1,0.341682037687873,1.86449811315027,0
1,1.56199093899807,-1.56456089629933,1
1,-0.169842744625328,-1.5012955176936,0
1,0.393721218511145,-1.21550605624216,0
1,-1.91551264388486,1.55351132964478,0
1,0.740330794882946,-1.65175729805718,0
1,-1.89847002048179,1.46885919306585,0
1,-3.48859785207922,2.14893504021238,1
1,2.72097437512581,0.0186626000319119,0
1,-0.655499398846597,1.2169685996126,0
1,3.57255502358584,-2.20649859686867,1
1,1.96214992220612,0.636428696506126,0
1,-0.320550266260655,1.3717026477887,0
1,0.599670751882439,-1.67747730429197,0
1,-0.654189720122682,0.397967430612908,0
1,2.95332968534858,-0.599819316664167,0
1,-2.39326026785437,2.03111603275239,1
1,-0.305961503136164,1.91435902777426,0
1,-0.362723727297281,-1.8595886136768,0
1,1.33380485859362,-1.65423444020234,1
1,-1.6005225160181,0.944003790982346,0
1,2.93147869969376,-1.38434821803995,0
1,-0.801918253980738,1.10043812379016,0
1,1.21433242185238,-1.69492001254532,0
1,-0.106895831420203,1.06862567260815,0
1,-0.916439078841899,0.0484599815046275,1
1,1.0028125318825,-1.23513375427222,0
1,0.711834665186539,0.688293882064217,1
1,-0.101422126072374,1.87115024402392,0
1,-2.44804979690472,1.54784555698523,1
1,0.0253640474056427,-1.12662847080139,0
1,-1.40302339026567,0.00229296509593602,0
1,0.0661611473812416,-2.35525518357507,0
1,-1.25431650567252,1.90856482507782,0
1,1.19871635409978,-1.28684805759852,1
1,1.47584904139032,-2.23353563527403,0
1,-0.572598367365786,1.49774126737223,1
1,0.855339743077791,1.16245811248122,0
1,0.415820390732907,-1.02958882725486,0
1,-0.104817000590369,-0.401685794779276,0
1,1.6381407746789,-2.39566557099258,1
1,-0.747919207532852,-2.10820804962368,0
1,-1.42428550337907,2.60656434562265,0
1,0.96147289144366,-3.07952681118624,0
1,-1.94605913922525,2.02714905675732,0
1,-1.82605597881129,2.66163972448975,1
1,1.2830702703214,0.421678086056449,0
1,0.71518613947653,-1.46019889055324,0
1,0.952264161802934,-0.865859886127275,0
1,-0.630869379221746,1.56570071716824,0
1,-0.260563880545025,-2.13449179934186,1
1,0.506057066382809,-1.11321123366266,0
1,-1.76622039351032,0.148903286153327,0
1,0.127531753642394,1.05392639240891,1
1,1.40851937145896,0.0999547821177458,0
1,-0.513646521568248,-1.69227715824056,0
1,3.65615241900123,-1.80811438768931,1
1,0.135868973531605,-1.27490836587397,0
1,-1.53166288748089,0.13992650792115,1
1,-1.70187709331687,1.06671948516037,0
1,1.62396229968421,-1.2781379696937,0
1,0.56689761975526,1.62794943730986,0
1,0.632185683309152,-2.16634789708869,0
1,0.920042085507084,0.25974098023456,1
1,-0.837960027772868,0.421526934374763,1
1,0.204983704483335,1.80589140342342,0
1,-0.00532522293344173,0.631742318451348,1
1,0.342451106609403,-1.40158473287235,0
1,-0.148706375417132,0.122942836862728,1
1,1.40333587404508,0.219610812506724,1
1,-1.70870675907952,1.49060197321283,0
1,0.100611756646596,-1.98463726053135,0
1,-2.21999451570013,1.28675098148744,0
1,2.22101724694826,0.748875514084785,0
1,-1.69963996891008,0.825583281433086,1
1,-2.01843685375113,-0.380999332422511,0
1,1.84705529834751,-0.0861796782044254,0
1,-0.850196075804333,-0.628087234245041,0
1,0.286928643510723,-0.0478043600612863,0
1,-0.130693429231191,0.414105122130168,0
1,2.7600220294024,-0.0140749950362462,0
1,-1.46439695765353,0.168336024682667,0
1,0.679007797837577,0.758743330055442,1
1,0.942484814474438,-2.05743666809112,0
1,-0.713347215136127,0.979466002455327,0
1,0.946743008586997,0.388830950993255,0
1,-0.466760881119876,1.44424226682568,0
1,2.92629883671987,-2.46863986507294,0
1,-1.16176356574923,2.40604290233317,0
1,-0.152068739583321,-1.28859015995064,0
1,-0.261354512889109,0.836628552855039,0
1,-0.0764218681839148,-1.85331223391262,0
1,-1.54813458397164,-0.27658898135751,0
1,3.49523179680548,-0.916542937649144,0
1,-0.946641932696967,2.34413854952078,0
1,0.860872359450194,-1.04179429633223,0
1,-1.03013778207007,1.02533146963064,0
1,0.955779547252021,-1.09507224019022,0
1,-1.28159444781184,2.60487481788163,0
1,0.553224214747001,1.57878229587516,1
1,2.31085945853604,-0.631851023870688,0
1,-0.440369368974449,0.000738842813087559,0
1,2.5559331399286,-1.56688040365894,1
1,0.23914663130406,-0.488894558422798,0
1,-1.53848696171259,0.887935651855053,1
1,-1.03723805542416,1.03030048489756,0
1,0.702671370589462,-0.81226551014493,0
1,1.91586695428602,0.311184909664435,1
1,0.185608589688047,1.70410934796719,0
1,-1.59959953999058,0.0940512256017861,1
1,-0.865207650236463,-0.520461775768614,0
1,0.165696764494034,0.282397955356927,0
1,1.65830823206338,-1.27208088691298,1
1,-1.72115292582545,-0.697190314547453,1
1,-0.729795162168535,-3.43275236797181,0
1,-1.3555156941126,3.69012376163667,0
1,1.42422378596377,0.699573767233125,0
1,1.36673896150883,0.605288242544893,1
1,-0.953510430903629,-0.351096797952878,0
1,0.609755939548753,-0.12516306796926,0
1,-0.898526394849952,0.470754547701997,0
1,0.605050695008631,-1.26624379606691,0
1,-1.36489295075859,0.831285375747916,1
1,-1.21230382600778,-0.22019788613535,0
1,2.4052635616241,-1.04812602998026,0
1,-3.61838795705819,1.6874801839807,0
1,1.98590237192192,-0.1831463451367,0
1,2.0415195228588,-0.864647872176297,1
1,-0.0865522131460971,1.95114833947463,0
1,-2.67815013550485,1.36742059228185,1
1,0.946331680108131,-0.251146329493146,0
1,-1.74963273028729,-1.50204884870158,0
1,2.19547974512929,-0.44691613199771,0
1,0.590312972547441,-2.38598088348567,1
1,-1.12422364557984,0.433480317079263,1
1,-1.44176943534091,0.22819805183305,0
1,0.521642609907561,-0.377582917873646,0
1,0.256446917485965,0.854805921680307,0
1,1.73719907519667,1.22945877184163,0
1,-1.56744944385892,-1.48427618476508,0
1,1.23299296925465,-1.97391964991367,0
1,-0.992692058113596,1.26488214414252,0
1,1.31839628834163,-0.636400857550413,0
1,-1.78200102323704,-0.40907901188091,0
1,1.60628927748219,-0.827717761912112,0
1,-0.528066212957391,-0.173213366550451,0
1,0.755438100745431,-1.58073828928119,0
1,-0.312675103761541,1.18148632310107,0
1,0.669415729806395,-0.0928241436255349,0
1,-0.822132247653113,-1.07412792317348,1
1,-0.0519377536694247,0.264577378957074,1
1,-0.452441818551217,-0.444105450978933,0
1,-0.186829406728977,0.511972003905019,0
1,-2.21829138905076,0.994385036655503,0
1,1.28453452177727,-1.57765198961762,1
1,2.19202250819792,-0.395850540177249,0
1,-2.20914693536326,0.566939444780579,0
1,1.00234820671067,-1.68083305087929,0
1,-1.61170596888029,0.675732359614929,0
1,0.811052915115867,-0.890040077675821,0
1,-2.10321359162524,1.19274319072608,0
1,-0.174519280181836,-0.571116479469164,0
1,-1.73325447358926,-0.070724462312781,1
1,-0.470383125977215,-0.516213333682665,0
1,0.731652934284489,-1.80883388738589,0
1,-2.04407905881106,2.79931683347737,0
1,1.07635530037948,-0.58984204024825,0
1,-1.1702957626385,1.66533054527516,0
1,0.256994402293177,-1.10459578801215,1
1,2.24285297183921,-2.66353860755422,0
1,-0.578870155572112,0.151133066357471,1
1,-1.94757932436713,1.72217798324264,0
1,0.947442860535557,-0.842057508255199,0
1,-1.17821816786788,1.59429542498835,0
1,-0.673005914504616,-0.292733702046278,1
1,0.513933494515059,-1.56297896554785,0
1,-0.612089801041166,2.75804767446277,0
1,1.72705320877629,-0.88290229707064,0
1,-0.0882657484181464,0.521759043981676,0
1,-0.698871247894766,1.15138716896907,1
1,0.285695188755052,-0.559069073884869,0
1,-0.465412417877252,-0.488826899034761,0
1,-1.1578778407856,-2.87774269052861,0
1,-1.7808452272279,2.7922323926113,0
1,1.67243899494636,-1.81928864503805,0
1,-0.971241481435789,2.58295768195637,0
1,-0.463494533455808,-2.83038655865943,0
1,-0.39649081937826,2.84545942999561,0
1,1.24056067206046,-1.34150926511035,1
1,-0.578300486800789,2.80364579388355,1
1,2.4285428405062,0.500734041130767,0
1,-0.448601090750137,0.143454044779743,0
1,1.88791851553705,-0.479190471987077,0
1,-0.564971373334638,0.680743645448083,0
1,0.579622914866404,-3.1502483360877,0
1,-2.44050367377072,0.726281283784593,0
1,0.817502492021056,-1.62379331949137,1
1,1.06800305110943,-0.510221787029979,0
1,-0.356779691088557,1.01094064652696,0
1,1.68893016514649,-1.84818203160606,0
1,0.606760203048341,0.925478272033827,1
1,1.807122639966,-0.0761828335043416,1
1,-1.67049605935283,2.12693490478612,1
1,1.70800495558704,-0.85696754595547,1
1,1.46666444182374,1.87030934281178,0
1,-2.97460053543426,1.44577912559685,1
1,-0.032848393081504,-1.86525933517746,0
1,0.431344046773281,1.67914314031324,0
1,1.72955306135331,-1.969707549051,0
1,-0.868405877678986,0.81039028029487,0
1,0.753834144509617,0.193023571537421,1
1,-1.06923712440696,0.489010457376114,1
1,0.81493747301391,-0.595863753352613,0
1,-0.550354659102865,1.09089161706876,0
1,0.747313837787632,-1.31389751957913,0
1,1.23560317593103,1.61666205784303,0
1,0.593496929802684,-1.10185088315634,1
1,-1.72890378856339,-2.38215498332889,0
1,-0.778042426665347,2.03986507635613,0
1,-0.77162559888903,-0.124221723596199,1
1,-0.0580089098559469,-1.22038929082533,0
1,-0.210726362338681,0.110125276327432,0
1,0.353082254142144,-0.444252412373828,0
1,-1.01380044299324,1.11510909287082,0
1,0.220871857026032,-1.39748040268026,0
1,-0.0244723165766026,0.875327727744778,0
1,-0.00146014230207947,-1.49379320614869,0
1,-1.85140116578522,1.16695221174446,0
1,0.635432185849871,0.773957078528697,0
1,-3.45882524930398,-1.16042995639015,0
1,2.71782800118107,-0.692361032551885,0
1,-0.0253684240584735,-1.14189906961007,1
1,-1.45354421436067,0.937926119213043,0
1,0.394119575861669,0.804186983655165,0
1,-0.922493956204639,-0.254520000985493,0
1,-0.198649929957133,-1.19881146170562,0
1,-1.82591375362605,-0.369929986958573,0
1,1.529228009356,-0.268286684278059,0
1,0.0318854302241784,1.18187831036502,0
1,-0.362685698095307,0.814038972258893,1
1,0.568961929603852,-1.12104679347567,0
1,-1.51117726840817,0.409462964447988,0
1,-0.0966180587650878,-1.06297351653249,0
1,0.180651648546108,-1.72350951222344,1
1,1.2319005413162,0.148922796663501,1
1,-0.603750352726242,1.85981336263093,0
1,1.49862380604587,0.209518920050328,0
1,0.118743574402192,-0.409789927551946,0
1,-0.19900230106596,-0.918961524479364,0
1,1.79127080364389,-1.74239619205304,1
1,-2.34408203875227,1.46486716414596,0
1,0.19821128927777,-0.246479342293601,0
1,-1.25025115306845,1.65581751462512,1
1,2.33822409662656,-0.449950033330699,1
1,-1.83874171800674,1.14462562873272,0
1,-1.44773048947229,1.14137690063179,1
1,2.89133374064455,-0.187074636283678,0
1,-1.35062007982762,0.796876944775331,0
1,1.93597156700707,-0.0376106490492105,0
1,-1.24892451183016,-0.0985229756014416,0
1,-0.118292928512996,1.51559761068954,0
1,1.0315719445228,-0.69043133994021,1
1,-1.06095268066216,-1.25935002080467,0
1,-0.164403823111422,-0.336262032486476,0
1,-2.08979196708597,0.812277032149881,0
1,1.05097886595757,-0.73726187989635,0
1,-0.542099754661747,2.26004264051499,0
1,-0.353493761480327,1.42585157659979,1
1,0.728671363699956,-1.43592398114129,0
1,-2.46143307423731,0.0909071045377725,0
1,2.0657834480414,-1.11782649260419,0
1,-0.900206682337872,1.51602930610018,0
1,-0.318037196041069,-0.464707405822536,0
1,-1.64346991515963,1.93705371356157,0
1,1.26825339177142,0.190307772233485,0
1,1.63529016623457,-2.28095976599616,1
1,-0.936460826629655,1.77205649904723,1
1,-1.4488655813948,0.198156091747774,0
1,1.42007486287079,-0.96263683546927,0
1,-0.886294623508031,1.5415802376349,0
1,0.205135468717689,-1.85584743478668,0
1,-3.32677346731894,-0.959512095367379,0
1,1.34613277741682,-0.454396185784201,0
1,3.23598734544641,0.141222040314362,1
1,-0.361220379144914,1.33720989266816,0
1,-0.982738248454817,0.759911577971474,1
1,0.127697631666614,-0.811018649706783,0
1,0.339070118124502,1.30855393806302,0
1,1.5012304221404,-0.961436781910833,0
1,-1.19965215160491,0.616648563755433,0
1,1.92339568058367,-1.1860129249485,0
1,-1.89064338408679,-0.340129700875998,0
1,2.62739347391688,-2.61978949874271,0
1,-1.69036642996234,2.58409740961223,0
1,0.844243058721252,-0.830298626673403,1
1,1.09675636746472,-0.42045290505683,0
1,-0.390260259189181,0.3075977986947,0
1,-1.9221598196908,-0.467969849927225,1
1,0.831399511995875,-1.4237488462314,0
1,-1.88448159171269,1.14958721014995,0
1,1.69641071874572,-0.3238397440506,0
1,1.19607356335336,0.495944096544874,0
1,0.360352283873237,1.14188661233497,1
1,-0.677762137456283,1.02399272784744,0
1,-1.14068164871638,-0.475022903662051,0
1,-0.466164885876492,-0.652876505506285,0
1,0.136683174184054,3.2381443937651,1
1,-0.963662307091811,0.782810267328406,0
1,2.04876044654292,-0.125611180228531,0
1,-0.324779588983801,0.322048314925085,0
1,0.212901865506826,-2.23123808984721,0
1,0.432866373759396,-3.05848175094493,1
1,-1.37832230476886,2.43939274154746,0
1,1.73572638214907,-3.90459589897784,0
1,-0.705830420102862,3.29548707810201,0
1,0.74645128080913,-1.30706643589043,0
1,-1.63605222336135,2.54572544244635,1
1,-0.219213931164527,2.89909117751918,0
1,1.86432533946602,-0.60311693053743,0
1,-2.14273277030101,0.488183243214765,0
1,-0.395757245193425,-0.951432348803626,0
1,0.272857215028346,1.68169093077033,0
1,1.05898505506526,-1.07512730768358,0
1,1.01575166679043,-2.4052137101691,1
1,-0.932014736500259,1.86219755791653,1
1,-0.411087411588971,-0.735787657424907,1
1,0.495928515816525,2.01807118449153,0
1,-1.69285585786729,0.00811839836118544,0
1,0.823829944353712,-0.227351423869801,0
1,-0.447167982766132,-1.04743330256746,0
1,-1.01336176033826,-0.07699783534196,0
1,0.965941338081525,-0.0644121646231578,0
1,-0.55702466456305,1.92644852024671,0
1,-0.975119483960699,2.28361241854368,1
1,2.40491672466582,-0.852893120135512,0
1,-0.658565223177809,1.84859494788096,0
1,1.05571064232631,-1.2908350758713,0
1,-0.808228753755936,2.49146792196624,0
1,-0.543413063879642,-0.812491728449589,0
1,-0.617737804893358,1.71381871072724,0
1,-0.698171334649025,-0.798881008590835,0
1,-0.453927682344951,-3.16229552432288,1
1,-1.05556156042383,1.12952046616132,0
1,-0.538695606910601,-0.825686954161384,0
1,2.76233019041983,0.467037432572881,1
1,-1.83695851202534,0.578813827062519,0
1,2.76738004607914,-0.00975329558818494,0
1,-1.25860439812258,1.70066229070451,0
1,0.403035859922448,-0.413484096373221,0
1,2.32629636101399,0.315452203458983,1
1,-2.23159259128921,0.468794093970427,0
1,2.30390543198029,-1.35379465573133,0
1,-2.76171182914676,2.12029471085808,0
1,2.10716255182266,0.519149194752932,0
1,-0.0623732813887955,0.401648559528849,0
1,-1.1479192406484,-0.804220095922328,0
1,-3.53676381062714,1.21857070262906,0
1,1.74995200828592,-1.54229350386532,0
1,-2.16218175676503,1.22729189714487,0
1,1.14666333429511,-0.750077049965764,0
1,-1.89824252400798,1.06618239637183,0
1,1.72635736195511,0.127180783075007,0
1,-2.1066380714918,-0.0880189832995668,1
1,-1.45561373210691,0.882810907512086,0
1,-1.17029379499953,-0.199053940746536,1
1,1.67846843670918,-0.903788094584603,0
1,-0.683916188499357,-0.715187858092469,0
1,-0.283992269723429,-2.96725516291263,0
1,-1.92153838701728,0.575135015883738,0
1,1.35109166187807,-0.312310656132671,0
1,-1.94510090611358,0.417978539354735,0
1,-0.212215665371167,1.44838447431723,0
1,-1.27487064747191,1.62594081408994,0
1,0.634638067354358,-0.911211332231147,0
1,-0.558440918437077,0.0120117751562393,0
1,1.08867615527527,-0.138543101376695,0
1,-0.66004240909272,0.593837086301271,0
1,-0.281932176413982,1.83493706425252,1
1,0.733166561145166,-2.84398788990406,1
1,0.414192029579556,-0.630799178554114,0
1,-1.31484796852392,-0.916682358070901,0
1,1.46283896700174,1.48945803613963,0
1,0.013899002259532,1.31220198352994,0
1,0.511083022947327,-0.79832363791113,0
1,-3.1265655814607,2.1438437714509,0
1,4.31470775073572,0.155431441029995,0
1,0.723961298035671,0.798394541805323,1
1,-0.460885433180823,0.953610830504339,0
1,0.368416941650684,-0.815819241715436,0
1,-1.41275764273468,0.447034759060017,0
1,1.82920035604207,-1.13583938099243,0
1,-1.38662493062734,1.51578056858139,0
1,1.56858448618351,-0.655081173045108,0
1,-0.840881356508004,0.426005149113363,0
1,0.551722927796904,-1.28971616536901,0
1,-0.51838169789541,1.01148281584487,0
1,-0.443658156561071,-1.42366692068121,1
1,-0.216700086566347,-0.469589125118171,0
1,-1.10730178359718,2.9694480716234,1
1,-1.12769655579236,1.27540033923489,0
1,0.650143546007855,-0.653757929887178,0
1,1.87377901003326,-0.406078500081331,1
1,-1.08650831798735,1.36036840621783,0
1,0.266372046541691,1.77617276367468,0
1,-1.55356955680775,-0.0707763920140803,0
1,1.17967330387983,-0.782964628460197,0
1,-2.60863538013658,-0.372653384497591,0
1,-1.30880257995324,1.64864710926663,1
1,1.20714153856559,0.55847985722692,0
1,-1.30269159058161,-0.311377195364916,0
1,0.310208976999645,-0.605738078046009,0
1,-0.856446097958039,0.93940667857327,0
1,1.76189940909183,-3.54546877429349,0
1,-2.69254845502651,1.93816684078816,0
1,2.00670904313258,-1.44938914217253,0
1,-1.37184281730341,0.736479453832062,0
1,0.199941635789408,-0.501867139189005,0
1,-2.33032453021738,1.01235386576479,0
1,1.0496882712766,-0.0981571954238994,0
1,-1.04516160551818,0.429675978898908,0
1,2.21913173137675,0.124114274019494,0
1,-0.570969490488643,0.179748302685114,0
1,-0.337172813593904,-1.52558363169033,0
1,-0.803239166629803,1.91655683740395,0
1,2.02805732695124,-1.92120365862384,0
1,-1.90903624197633,-0.232142120504844,0
1,2.1214254804671,-1.60049049274253,0
1,-0.87666332837258,-0.671210913800741,1
1,0.243862712834062,2.09351537193047,0
1,0.464349981193149,0.250781174782524,1
1,1.2600212236111,0.432228256485676,0
1,-2.83068122067246,1.81281579780426,0
1,0.786265832420131,1.36846734130223,1
1,0.315827653557126,-1.74635078636813,0
1,-1.61520438998034,1.26580653092192,1
1,-1.6700650788863,1.35004189046881,0
1,1.68769433842747,0.787437209218203,0
1,-1.54905731167928,1.08496912921282,0
1,1.84194143887034,-0.269004461214963,0
1,-2.0022127604128,0.440639343514471,0
1,2.65502280005782,-0.443109021577462,0
1,0.852565065348016,-0.328032766624899,0
1,0.742238908533638,-1.10383334928089,0
1,-1.00462261810821,1.06021074048668,0
1,-0.409935804684033,-1.43389143221064,1
1,-1.22262256883106,0.48557840903751,1
1,1.82677998835173,-0.927952122429296,0
1,1.20411629895387,0.194957455587531,0
1,0.20172301037955,-3.07062524514133,0
1,-1.77259762831015,3.48243281801162,0
1,1.2956229732874,-2.36438665765239,0
1,0.46003322333394,-0.652238047090136,1
1,-1.26088321466307,-0.248524452567463,0
1,1.21744046614848,-1.32000493618467,0
1,-2.93539192477722,0.667732270389481,0
1,-1.00788641848307,1.20834448477899,1
1,3.0608823512877,-1.28808543989143,0
1,0.0652950649117947,1.23425227099334,0
1,1.24000415020168,-3.05259294407709,0
1,-2.61242772821981,2.25514672658365,0
1,1.8071673664695,-0.344494466819471,0
1,-2.09738126933845,2.33166479633518,0
1,1.50588041300238,0.778658753069329,0
1,-2.46792200108708,-0.059223105954668,0
1,2.57826874583891,-1.06454844375247,0
1,-1.73555941465753,0.851719869130228,0
1,0.874612890115101,-0.0547753926332261,0
1,-0.986750552058062,1.43339715301893,0
1,0.715105690414046,-0.85599153276088,0
1,-2.2836005989565,0.674654183343611,0
1,1.08112866563262,-1.56459554336645,1
1,2.77670089088075,-1.01603075035038,0
1,-0.06679623776271,1.61303272440043,0
1,-0.747188986676546,1.58598375515673,1
1,0.500398668009246,-1.67914860236761,0
1,-0.567068493396792,1.05809049074618,0
1,0.515278882190599,-0.846779391073776,0
1,-0.3018282034577,0.208344025437838,0
1,1.99834598391607,-0.807968873354059,1
1,-0.241046936261881,-0.921658249537411,0
1,-0.506786496127116,1.81624316786901,0
1,0.635117545147058,-1.23057328624302,0
1,-1.32667861614015,1.44894668038003,0
1,1.25684125646342,-1.64479270084857,0
1,-0.313092861636248,2.04225719331011,0
1,0.84196958453937,-1.20090383363709,0
1,-2.49865148300713,1.93318518193952,0
1,1.79937899520141,-1.60628302046926,0
1,-1.12911795973199,1.04273442063297,0
1,-2.59682402357201,1.39524596138849,1
1,2.35453075515587,-1.65333499269654,0
1,-1.21244685189874,1.91254783110798,0
1,0.432624505982221,-0.436855936242279,0
1,0.353933520535177,3.27609133133253,0
1,0.59088812123858,-2.01161326162604,0
1,-2.41536385542407,2.14273052739574,0
1,2.43943472523504,-2.12544314045964,0
1,1.15137477467264,1.07723189830029,0
1,0.67953815633896,-2.47335775023838,0
1,-1.66399315290782,2.74222303678648,0
1,0.937063188771415,-0.975178219998385,1
1,-0.321758664412703,0.852805109706395,1
1,0.757260796028481,-2.1494250459472,0
1,-0.707464263063341,2.37017790111508,0
1,0.704676988389407,-0.663003908453139,0
1,-3.24551517053682,1.05620768977983,0
1,0.846663185201802,-2.1740457707248,0
1,-0.545480621105688,1.46962964050922,0
1,0.801101587640698,-0.1280643342554,0
1,-0.365968417357984,0.217125726726797,0
1,1.05547354610973,-2.15769088141171,0
1,-1.44088612479005,1.50258624170988,0
1,1.16741674630687,-1.39542216468836,0
1,1.04277499230654,2.49892860977448,0
1,0.67041580855357,-1.24926594141325,0
1,-0.245988444424362,0.106131729499179,0
1,1.67088535808047,-1.2669033980354,0
1,-1.12186843308957,1.51170970933398,0
1,1.28410530875692,-0.318249292498962,0
1,-0.221820463339762,-1.30422694597003,0
1,1.41858028687551,-0.353922017074818,0
1,-1.95306848299452,0.300591136128104,0
1,2.51519927383579,-0.786519256170109,0
1,-0.530131084668948,0.784356917398221,0
1,-0.235090110538685,-1.58690351868409,0
1,-0.191344034630355,2.01851120837504,0
1,2.32177129241857,-0.756350945259161,0
1,0.0323837584151374,-0.664679071324922,0
1,0.67462887506186,-0.557919412126908,0
1,-1.27068358869491,1.17434274305436,0
1,0.657329213793287,-1.44403812759453,0
1,1.19224385882044,0.0605848703915315,1
1,0.0436002519716225,1.25191352517234,1
1,-2.28207585598111,0.413708949017294,0
1,1.94473222166593,1.34942829346193,0
1,0.357594701909569,-1.59752699678811,1
1,-1.59837677706766,-0.315194303800433,0
1,2.35953957692002,0.194995066369935,0
1,-0.841907103332769,0.26870547453367,0
1,0.69955881154575,1.89114600628873,0
1,0.886670262033269,-1.32704662353108,0
1,0.422300778017949,-0.730188161081732,0
1,-1.45406855494653,1.5509869820192,0
1,-0.814270831773272,2.58785990387298,1
1,0.957676612043714,-0.469978898481315,0
1,-2.25888803880336,1.98409533181728,0
1,0.871759465618873,-2.22213316280054,0
1,1.91229479021665,-2.18099058608393,1
1,-1.14511632655744,2.05899231955077,0
1,1.28904111975431,-1.35302196086517,0
1,-3.57473421495522,2.75866923802115,0
1,2.61509669061601,0.168249383934579,0
1,-1.56651262103788,-0.0387040295607706,0
1,1.54243735952149,0.138208265983695,0
1,-2.83306775532045,1.26867252912845,1
1,-1.92490140166687,0.306265380116294,0
1,0.922174934461846,-1.22971712119733,0
1,-2.63954956481325,1.25641626365239,0
1,1.39056666131406,-1.54383486253969,0
1,-3.27043989454323,0.613725717806328,0
1,1.40543437572382,-0.975096580157702,0
1,-0.79111601114965,2.80621808948066,0
1,-0.293080955240465,-1.02502302994233,0
1,-1.08679321327854,1.19277000733762,0
1,0.555058959311014,-0.117425685772258,0
1,-0.0327548496208125,-1.08941491629794,0
1,-0.153345055833028,-0.79725733195768,0
1,-0.852935040233672,0.315787629880974,0
1,1.78141975644161,-0.172012310833033,1
1,1.45250342479938,0.14957419248533,0
1,0.00626536927093424,1.23043608314984,1
1,0.215537955623827,0.488501428348407,0
1,0.602584206741905,-0.504042146219713,0
1,-2.21474826639248,0.263559789764326,0
1,2.74433913352692,-1.24542933721913,0
1,0.404742765558946,0.99993546205116,0
1,-0.275172380991597,0.254597101108027,0
1,-3.00739437328794,-0.390802629619948,0
1,2.45711880612835,-1.57851341178473,0
1,-3.39015220954811,0.594737253174718,0
1,1.48315039022471,-3.14491576420029,1
1,-0.747712741673885,0.040558357283239,1
1,1.84788002029661,-0.954024132867317,0
1,-1.19132996945102,2.22664566594319,0
1,2.30084958905513,-0.513194610281951,0
1,-2.86345007612437,1.75114533477943,0
1,1.39297640774648,-0.807211569482198,1
1,1.39404635404442,-2.43227896252711,0
1,-2.5414445209739,2.72991244426689,0
1,-0.436094505739635,2.26285394786128,1
1,2.87811874673343,-1.29581849446611,0
1,-1.52009276098567,2.08654966805712,0
1,1.68161215512686,-0.0155826935205285,0
1,-1.24063749159165,1.34080267833884,0
1,0.440723378832492,-1.78290812250039,0
1,0.743585252730317,-0.557146738057598,1
1,-0.0664884135719809,1.73798424425435,0
1,2.11850315951871,-0.981678829203012,0
1,0.230695380028666,0.525452886461871,0
1,-1.44362627014288,0.421400387275266,1
1,0.340871548278571,-2.47529691028187,0
1,-1.89613160071733,2.1565201571242,0
1,1.30384893941835,-1.14401103618594,0
1,-1.17261803005597,1.37510995897447,0
1,1.57428660508847,-2.26457777382865,0
1,-2.74917215534331,1.69493595791282,0
1,2.43767982930716,-0.947968731647125,0
1,1.14528109556805,2.6777045574831,0
1,0.495295186351331,-0.743544162648471,0
1,0.300286210358668,-0.190619502767595,0
1,0.374161145487811,-2.45587271387769,0
1,-0.509371768896314,1.45003531643945,0
1,0.376133910371702,0.402480202761933,0
1,-1.26659893401702,1.37016954530495,0
1,1.82985103230775,-1.85885500698329,0
1,-3.00614523234048,1.25345131865533,0
1,1.26110400637754,0.119691800443983,0
1,-1.4661562224654,0.681045003464473,0
1,1.84019447852258,-1.69742055917242,0
1,-1.9809140958243,3.88417936319354,0
1,1.11368109301078,-2.53678872170513,0
1,-0.0674731006020197,-0.615202112829672,1
1,0.473366671017268,2.05212085642455,0
1,-0.0230558293391303,-1.04992725198348,0
1,1.53439939733633,0.76447513993253,1
1,1.20409545353816,0.572693644316455,0
1,-1.34521748376406,-1.26581186427977,0
1,0.144078609707367,1.86183587507966,0
1,-0.910307426934073,-0.940698891638111,0
1,-2.12793839016311,1.79370633403054,0
1,1.00169809613186,-0.502942777239648,1
1,0.116075727811963,-0.262052060024717,0
1,0.0130316873165344,1.38874413824232,0
1,0.728989396980455,-0.666174819030959,0
1,-1.69496397439452,-0.102601302939363,0
1,2.0065152410406,-0.0777888989282456,0
1,-0.584025828985104,1.36021196607861,0
1,1.23088407119854,-1.82117196330308,0
1,-1.71231141106258,1.26323251470758,0
1,1.80295399565526,-0.197065134963394,0
1,-1.92205195716045,1.39972447546479,1
1,-2.71373790194868,0.176939660718522,0
1,2.18309701948197,-1.29491744031411,0
1,-1.08199508222985,0.404286191850822,0
1,1.86543293725109,-1.02256052966062,0
1,1.88435048282687,1.39707441430442,0
1,1.45435396403633,-1.57603023874389,1
1,0.736985231004242,-0.344882352697159,0
1,0.267464067522848,-0.115329703417447,0
1,0.961760683844483,-0.354165493947936,0
1,-0.609069394560755,-0.173279662488776,0
1,0.72728260936536,-2.13327204709244,0
1,-1.41756749229732,1.44290085053848,0
1,1.41861324665677,-0.567464639282226,0
1,-0.187423652587956,0.238108225333284,0
1,-1.78260619799128,2.39283084972254,1
1,1.44731498060459,-1.74785074139704,0
1,-0.35223308816434,1.74834451476714,0
1,1.03497720930423,-1.84832796862934,0
1,0.29113402439306,-2.42834916549206,1
1,0.719322210123343,2.42574713110199,0
1,0.28786470587218,-1.37659268100729,0
1,-2.52392774762819,1.96306202013767,0
1,1.29262205640699,-0.315836578281287,0
1,-1.28357529373898,0.699599727243634,0
1,1.7347992239368,-0.738708737181383,0
1,0.202499411230725,0.922181641146074,0
1,0.555750905161923,0.565140236917347,0
1,0.479022903895318,-1.1261909046616,0
1,0.764669873757207,-1.10059340214696,0
1,-1.28175261456508,0.841140559358773,0
1,0.303272809322917,-1.92020136703908,0
1,-0.821038683799977,1.58262598774838,0
1,-0.643087331857972,0.835601276780718,1
1,-0.34718558189148,-2.24737712103201,0
1,-1.68852452063531,1.43152867827177,0
1,3.6406263434831,-1.1563126864164,0
1,-1.84697073499027,1.32628891103832,0
1,0.964215782228549,-1.45811950017151,0
1,3.01077827131224,-1.4977232134568,1
1,-0.511146744406057,1.29501378375958,1
1,-0.212581619540686,1.55211457393119,0
1,-0.112427960771294,-0.960112242515978,0
1,-1.81773516147299,2.41334429211811,0
1,1.8995446107877,-1.86702349031057,0
1,-2.36591023695344,2.2358983321028,0
1,1.50444831856886,-0.690916980183458,0
1,-1.38529290192945,-0.472350051757701,0
1,1.37688911237996,-0.194223426526084,0
1,0.386735121359454,-1.00225078654864,1
1,-0.895736127522287,-0.508842975099357,0
1,1.37476641481062,-1.92989935782821,0
1,-1.41837105792138,0.477828131697443,0
1,2.0749567962945,-1.62155957611088,0
1,-0.263709343109515,3.37628667695891,0
1,-0.0460254594946661,-2.75532042231552,0
1,-0.661801002287363,1.28580101938638,0
1,0.153651098639374,-0.99478174938157,0
1,0.544038312238268,0.439898804022073,0
1,1.23373478517542,-0.692516628855754,0
1,-1.82747486718973,0.308141624561833,0
1,0.905975769404157,0.806227948698102,1
1,-0.0636308132199488,-0.680550121797463,0
1,-3.56884705720154,0.26098182040667,0
1,2.80195309010686,-1.49471191598722,0
1,0.479668229851877,2.03986909336037,0
1,0.995022690886643,-2.38409105931779,0
1,1.30930075352232,1.57089765039439,0
1,0.797027164760309,-1.99864267083672,0
1,-0.681552126866431,1.87441609824282,0
1,-1.16110345197819,-1.8581813591357,0
1,2.48598858426557,-1.89080802572725,1
1,-1.61737587168927,1.01256292405837,0
1,1.30109803129969,1.58340028534857,0
1,-0.779148840092106,0.913093156330641,0
1,1.99989928472676,-0.970823961450123,0
1,-1.90289558268601,1.11851332084019,0
1,0.273730889746409,0.163814554093082,1
1,0.0922252643715118,-0.59937005953972,0
1,-3.32543098703165,0.608951797270673,0
1,1.90285411220196,-1.72019291428365,0
1,-1.24859207854574,1.46737597471028,0
1,0.316303017842479,-1.15283066145599,1
1,-0.908868707079285,2.66966240540202,1
1,2.65325018294361,-0.602930715722698,0
1,-0.473412138631422,0.682555139462111,0
1,1.06425320955181,-2.05349150136909,0
1,-0.920663865992653,1.65813150225401,0
1,0.708179927051143,-3.48949775445796,1
1,-1.19561752998193,0.359333322997604,1
1,0.316130703118807,-1.88377736642517,0
1,2.03370144638651,-1.63512043592243,1
1,-0.462644560818958,-0.180560976774145,0
1,-0.809147426939282,-0.152709034387353,1
1,2.51287320054584,0.206897235501707,0
1,-0.219979015904469,-0.801595368521472,1
1,-0.620341105736028,0.381328713643591,0
1,-0.460893949463175,1.676039324617,1
1,0.501888581431397,-0.889363343619153,1
1,0.0464065367612259,2.09893670488263,1
1,0.973476981743172,-1.24922080656408,0
1,-2.93201970099478,1.58735028102354,0
1,2.42362288248079,-0.530108133315919,0
1,-1.33711634025475,1.00932392686131,0
1,-0.597241978410481,-1.53144379538676,0
1,-0.526338154594592,-1.51449246433167,1
1,-1.00316833269464,0.443643543972465,0
1,0.173315042505941,-1.63447791944344,0
1,-1.01759467731975,0.658277827869311,0
1,0.627828375269425,-1.43557949329525,0
1,-1.69167824530717,1.41901573009636,0
1,1.81401893183923,-1.17044445553986,0
1,-1.31155417111486,1.66466121029906,1
1,0.142360661738212,1.64304151633127,0
1,-0.610448861593705,-1.54115469483643,0
1,-0.166964615934002,2.27264091046263,0
1,2.17826272444709,-0.602550500494983,1
1,-0.111643150915924,-0.979882357991972,0
1,-1.2187562135191,0.301689235690895,1
1,-3.2123620294761,0.956397769203977,0
1,2.95660090110957,0.0148909234822769,0
1,-2.70252309457336,0.382825821549096,0
1,2.96362983379684,0.180859664136503,0
1,-0.776859195303645,0.482969111666378,0
1,-0.560479769858599,-1.43488541694308,0
1,-2.54016286207057,2.83390025368412,0
1,1.89966372041151,-0.961756220235081,0
1,-0.741374538433387,0.150024393540326,0
1,1.22062433719167,-0.221100768318357,0
1,0.0993084233055124,0.796813536232804,0
1,0.202393454735484,-1.14705862414412,0
1,-0.949724561403643,-0.59111540468345,0
1,0.815807078407084,-0.871744407529903,0
1,-0.0333874349885775,0.193518943750443,0
1,0.0206045955893281,1.23716849506186,0
1,0.371834438001992,-0.350564075375917,0
1,0.79806842533568,-0.917338686726124,0
1,-1.63032158051329,1.50683525690356,0
1,0.893092090882959,-0.366157328782949,0
1,-0.0142293781911215,0.990066184862211,0
1,1.44885370525025,-0.40155097241388,0
1,-1.69166870378043,-0.242928912186775,0
1,0.658973002173237,-2.43136967846682,0
1,0.561937840232687,-1.50941245800033,1
1,-1.00003412871425,0.829660025696102,1
1,1.48013278372134,0.239027779567067,0
1,0.683318530297055,-2.39559448280947,1
1,-0.536168954773274,-1.42057629117808,0
1,-1.49807157255605,0.340878737600905,1
1,-1.22854158419419,1.35681188814267,0
1,1.86254811140489,-1.52002148383259,0
1,0.819345889381843,2.07278638053188,0
1,2.07117615985977,-1.44720306462193,0
1,0.0642668347903979,2.49901538416893,0
1,0.734588246154593,0.152646880195681,0
1,-1.35741486368909,1.10932925352747,0
1,2.18222762154336,-0.706809135382946,0
1,0.976171221164776,-0.155814184757152,1
1,-0.492485646971693,1.13170552406189,0
1,-0.451497693163524,-1.8041200703189,0
1,-1.61262946345676,1.66265269513971,0
1,0.994684629198709,-0.689369281300368,0
1,-2.31290726953768,1.23582576859756,0
1,2.2337416808178,-1.89598069571776,0
1,-0.887023077855816,1.15279399344125,0
1,1.43769504842933,-1.9014925651962,0
1,-0.192658242589671,2.09796216799385,1
1,-1.67147027283273,2.16709136367367,0
1,2.27308174631519,-1.35647071708759,0
1,-0.827691247028466,0.947051001013596,0
1,0.695703426096064,-0.530248306335173,0
1,-0.21013040805151,1.05834077716302,0
1,-1.01766145348773,-0.0469952440283304,0
1,-0.778515527090646,0.498651717455024,0
1,0.0460887134327868,-1.45060991204709,0
1,-1.84644846491543,2.90954133437928,0
1,1.71640619547182,-1.59463417633567,0
1,0.778741418574548,1.46816816048499,0
1,-0.0123619339280352,-1.1974224669355,0
1,1.51020099595914,-1.58012505343414,1
1,-0.424881597381216,0.423449712254941,0
1,-2.52879719496307,0.0535006512818836,1
1,-0.327444428129142,-1.61979734664154,0
1,-1.76415480256702,1.63412696551015,0
1,1.09880759325264,-1.81288204122278,0
1,-3.03542162366141,2.37202309786858,0
1,3.33018297666678,-0.653233093821869,0
1,-0.336716178028953,0.514564138160056,0
1,1.09943379624457,-1.18745027961765,0
1,-0.93531151923941,2.03671018367833,0
1,2.90360552801496,-1.3871977045094,1
1,1.80368100335073,-0.293332611564903,0
1,-0.921981880874654,1.64610061832856,0
1,-0.39477812932117,-0.612706521540121,0
1,-2.65717477108972,2.60888154965697,0
1,-1.29200978964011,-0.595307527336055,1
1,2.73889540606743,-3.67463496453963,0
1,-0.702644596242341,0.90609831934436,1
1,-0.291963690341185,3.52096274905592,0
1,0.111013696707284,1.71694137630281,0
1,-1.56269936471957,2.94968432423019,1
1,-0.0748589737400182,-1.38769660544666,0
1,-0.534883421130197,-0.559837955006718,0
1,0.848247752590509,-2.331487474576,1
1,-0.989547647669796,1.65197792340443,0
1,2.01661433274203,0.640262609240921,0
1,-0.898590105739093,0.313196814484923,0
1,0.100254436553654,-0.6162928940207,1
1,1.8675267665621,-1.14832982979599,0
1,-1.75279037688122,1.20708410881597,0
1,0.0481453301245894,-0.410634389441284,1
1,2.90812550034624,-1.41298870725553,0
1,-0.792189486122219,1.55093587838629,0
1,0.969808151784044,-2.04429188591443,0
1,-1.46585092309432,2.06907308541034,0
1,1.22008126914439,0.7966644598957,0
1,-0.806393478397551,0.780133658297247,0
1,2.23647636527754,-1.12841143726921,0
1,-0.634352453583051,1.06007084323953,0
1,2.32823501107853,-2.31858644289293,0
1,-0.369533771384792,1.23196846759362,0
1,-0.151661341833947,-0.190702159500673,1
1,1.10420904062307,0.210833658458845,1
1,1.32209859403652,-1.15126639573365,0
1,-1.50058001647656,2.04670942218811,0
1,2.18842691827983,-1.16341240882492,0
1,-0.4121858175849,1.8998986795815,0
1,2.51495115647651,-0.660469263197145,0
1,-0.947943913976332,0.236655406051425,0
1,-2.52066189239479,0.21512764052953,1
1,1.13823344052486,-1.20770540557685,1
1,0.247977890558789,-0.397779649497524,0
1,-1.83892410107576,1.05849264368696,0
1,-1.41048839404043,0.5599350076653,1
1,1.32790792856129,-2.07817904471194,0
1,-1.83877217962537,2.65098640975116,0
1,1.63074476867327,-0.689460793207814,0
1,1.56316078336765,-0.854837289285492,1
1,-0.616127620680517,-0.327295337569201,0
1,0.870982904689144,-2.11447972470974,0
1,-3.51362823175114,0.212483876835577,1
1,-2.19752289665238,0.509444645564415,0
1,2.56764590531346,-2.02331396114893,0
1,-1.36238985847447,0.165892145740513,0
1,0.635645230405528,-1.90245806124363,0
1,0.0743497247743347,-1.93748737678224,1
1,-0.241847232906582,2.25473671643644,0
1,-1.37699071159238,0.16379865200856,0
1,0.171553313489517,-0.834448634078007,0
1,0.724023946711842,-0.795022424386633,0
1,-0.321742351363966,1.02842539044177,0
1,-0.310750190788285,-0.425253700871433,0
1,-0.512648648527195,2.31157804421789,1
1,0.970457670114572,-2.12153545865991,1
1,-1.50004903349697,1.3414906456609,0
1,-1.08100880492165,3.11441168666413,1
1,1.1383739852063,-1.1063695356004,1
1,-0.91808092719914,2.38125960778332,1
1,2.50177932085578,-2.70531029490274,0
1,-0.692071842602192,1.76428724757131,0
1,0.143093349745011,-2.0983549394434,0
1,1.20078897142824,-1.82182868442964,1
1,-1.32341541511069,2.73119244686976,0
1,0.886663788936854,-0.110477052173481,0
1,-2.90066765109558,-0.680291457319512,0
1,0.55813788167031,-1.82992145408786,0
1,-1.21663939575084,1.28107354298216,0
1,0.940308976202688,-0.407800619580449,0
1,1.1573848444996,1.68381308721075,1
1,-0.662126314973671,1.46122828665787,0
1,0.638326392778676,-0.599523281132309,0
1,-0.985188153972264,1.42645192019467,0
1,1.73936341586511,0.373079113044704,0
1,-0.834697667878989,0.326439342178181,0
1,2.16328299273432,-1.65563293901665,1
1,1.40525720090527,-2.13768840931671,0
1,-1.86014482918732,2.18991982678096,0
1,1.055565366827,-1.30744600657909,0
1,-1.21514442605841,0.515312634386823,0
1,0.873537810786817,-0.285803020844491,0
1,-0.0606959872179426,0.503776174358396,0
1,-0.0509521569991513,-2.14904330102101,0
1,-0.323923386161689,0.153752264167564,1
1,-1.59248608701937,2.84703381966211,0
1,2.3123340060008,0.197730662827249,0
1,-1.7696144577407,0.0365616139758156,0
1,2.10470318810501,-0.802346276181105,0
1,-0.712544942708442,0.00484067801507393,0
1,0.103231258072241,-2.58830888292938,0
1,-1.92643400461872,3.19419480726338,0
1,0.658554833856506,-0.821401597691678,0
1,0.524546579989095,0.495163644858318,0
1,1.15247828286172,0.617398433797529,0
1,1.2382002196951,-1.58161607427081,1
1,-0.933620196936087,0.905697025283902,0
1,0.485224390462436,-2.20657388211958,0
1,-1.56019961602275,1.4875721718023,0
1,-1.62714220357009,-0.791691452698779,1
1,-0.264625544940833,-0.460058872115121,1
1,0.778822903436818,-0.0186234008127416,0
1,-3.15820582845381,1.48989442415371,0
1,0.642051927003823,1.58034429642452,0
1,-1.39485793314333,-0.479357618542946,0
1,-0.40300656556855,0.223067197653038,1
1,0.167953871904359,-0.589270854724332,0
1,0.771015611587668,1.61716206944332,0
1,1.44683328613524,-0.835005562079491,0
1,0.773834279471565,-2.20036232626343,1
1,-2.42207591555195,0.427580864537349,0
1,1.92358407985299,-0.927099261177545,0
1,-0.325543660153121,0.964242471768225,1
1,2.01260143514836,-2.2129770946075,1
1,-0.634645201109093,2.40048445522058,0
1,1.39632462523118,-0.610158231159872,0
1,-2.51940239953265,1.1775170461272,0
1,-0.59163753848586,-0.268423994552151,1
1,3.44467123963862,0.66541458297632,0
1,-1.14079027656335,1.34772846765825,0
1,-0.0909107236564106,-0.695976806495848,0
1,1.86258873643412,0.387499214940436,1
1,-0.804900645016285,-2.02331225609153,0
1,-0.0421367951566536,-0.394539637596636,0
1,-0.263799999204172,2.02166142735574,1
1,-0.619290117509121,-1.95749419217055,1
1,-0.565079849944947,-0.226940799596045,1
1,-0.943306397411711,1.65921790527245,0
1,0.298825611266247,-1.16189111519964,0
1,-1.08718075010439,1.63966941732069,0
1,0.327736759256528,-2.09519817131929,1
1,0.025757610343546,0.237212167804647,0
1,-1.67319148730001,1.93681788696483,0
1,0.628815591097531,-2.14837075384203,0
1,0.0369322670874619,2.16524669565655,0
1,-0.921037423891617,1.07763644099141,1
1,-0.949192563627289,-2.16798283203733,0
1,-1.10670334992148,2.7597108474846,0
1,1.98871585685941,-1.77132396995182,0
1,0.864484662217023,0.465116782826681,0
1,-0.322923533478453,-1.80740394650682,0
1,1.80910366786125,0.244124375400713,1
1,-1.14694905737224,0.466103084682571,1
1,1.31207468374239,-0.618013355678479,1
1,-1.11297058526849,1.886877162584,0
1,1.28507993297079,-1.64965932436093,0
1,-0.678993809797437,0.191784334657746,0
1,1.92651240098484,-0.0937438319617572,0
1,-1.71239769418618,3.46657779400245,1
1,-0.748239682435666,1.04690379460694,0
1,2.51962743660952,-2.90824097397528,0
1,-1.15966841129698,2.61933383220388,0
1,0.75399859281493,-0.904107107730388,0
1,-0.214965970569118,0.0468738335397946,0
1,1.79431562536685,-0.306028934857435,0
1,-0.794892714436562,-0.586445862726054,0
1,1.17416464333549,-2.63891091450719,1
1,-0.626001597132449,-2.66704395535354,0
1,-2.27890421972767,2.06328504184501,0
1,2.92719699512066,-2.37616442762057,0
1,-0.272366441557661,1.73998292363502,0
1,-0.100707746910956,-1.43265516929888,0
1,-1.20322817305186,1.01982184555732,0
1,1.50473662614665,-1.27862706802852,0
1,-2.45170227123317,3.18996248167948,0
1,1.78016131505675,-0.320238674568445,0
1,-1.66007767958209,0.80033760241941,0
1,1.85749605823124,0.116979302977777,0
1,-0.0426815660708337,0.758499073067351,0
1,2.24986224683899,-1.76181749250468,0
1,-0.461801171784788,0.934737697523641,0
1,0.821573339997761,-0.0697226321347765,0
1,-1.78941580359024,1.18016031462806,0
1,-1.34109500636817,1.03427274175912,1
1,0.573233955463377,-1.16202918410111,1
1,0.361479736354943,-0.198076062999525,0
1,-1.31689630870815,0.826998367012888,0
1,-0.826045725973204,1.52191522965342,1
1,0.198447717595627,1.76055432490006,0
1,-0.269055711910162,0.0708737904646647,0
1,1.95102912669494,-1.67381904947697,1
1,0.685704520917677,-0.364100879414809,0
1,-1.42824670992377,0.864386855412459,1
1,-0.849927043870638,0.194930171781384,0
1,1.56702734294893,0.117409402346971,0
1,0.301309021202599,0.614627257891705,0
1,-0.399892896498781,-1.71737203663357,0
1,-0.889301328127632,1.08814993785707,0
1,1.16610098819138,-0.548182035709826,0
1,-1.72495171958025,-0.010601412025131,0
1,1.4159416272253,-2.42004729864316,0
1,-1.14414081599351,1.47913103187592,0
1,0.423291678651891,-1.53726255212077,0
1,-1.04382733742788,2.04689547891628,0
1,0.31134122162144,0.067772535272794,1
1,0.765916194288572,-0.117667410794178,0
1,-1.04011278081129,0.399300787222362,0
1,0.177689049555163,-1.45983225586067,0
1,0.976696827744347,4.24016204592094,0
1,-0.472734751556032,0.654969023122927,0
1,-0.876148827449092,-0.461419081141045,0
1,2.21346626446729,-0.980080332105829,0
1,-0.748637065356182,0.659044179294365,0
1,1.92817640913361,-1.1856462222305,0
1,0.635327205756592,1.14175805549227,1
1,-1.90682739939069,2.26321755495521,0
1,1.62520867679403,0.940450375343286,0
1,-1.80927139202255,0.372164976775322,0
1,1.57820115035419,-2.63835937842946,0
1,-1.47808211224442,1.69899069022619,0
1,0.797303006014297,-0.475040055320521,0
1,-2.62425734658333,-0.0225366206566604,0
1,2.85736554521555,-0.342588813768723,0
1,-1.28792976413918,1.94584814063729,0
1,2.16277725127271,-1.85697091949373,0
1,0.905280375884629,-1.03104894995934,1
1,-0.726563804967205,-0.074792932521146,1
1,0.196706295616988,1.73252020534373,0
1,-0.0970860454313589,-2.73955043563089,0
1,0.602769331281059,-0.485009114091678,1
1,-1.39059351604184,2.06330992710037,0
1,2.20777667809826,-0.750374530054646,0
1,-2.44483200338867,1.97834432214796,0
1,0.811149316065391,0.0548655432827554,0
1,0.200998614585173,0.0115990363679253,1
1,-2.77776755465329,0.12009425445089,0
1,1.29184300615995,-2.03984797569742,0
1,-1.53561114534796,1.9380378395872,0
1,1.09492188768021,-0.834247422371397,0
1,-0.464432028682923,-1.32453082815329,1
1,-1.39798884234758,1.12730808147101,0
1,2.32044352804847,-0.485577625109215,0
1,-1.53107225205008,1.95771773851124,0
1,0.15031786743116,0.512748022350158,0
1,-1.07394065928394,-0.47902382339072,0
1,0.617367289567097,-1.20081689533217,0
1,-0.889277751186011,-1.03762494452714,0
1,-0.523736401835614,0.361423563481439,1
1,-0.100766000134902,0.0612804161159333,0
1,-2.15381452087069,1.63506102273513,0
1,1.41814699160248,-1.86431265490423,0
1,-0.941473011586107,1.21734869617441,0
1,-0.554317415250256,-2.91280132741572,0
1,-2.59709315944,2.12519534293045,0
1,1.02989275218527,-0.175541735426996,0
1,0.360305527561535,1.13938629969985,0
1,0.652544673393371,-1.23781421363637,0
1,0.474095847457294,1.31428178703712,0
1,1.39811768864361,0.61655550147822,1
1,1.09228079166675,-1.82091974812143,0
1,-1.33823946454744,-0.174875512868849,0
1,2.28738945324598,-2.33683077006364,0
1,0.554011980649449,1.44099220072246,0
1,0.22068877276751,-1.77740243594923,0
1,-1.22489128401012,1.28163655285134,0
1,-0.726390867555332,-2.19226492452929,0
1,-1.84912734482601,1.56147816471203,1
1,-0.467911752583617,-0.925767983497742,1
1,1.10786284683828,2.72012182516047,0
1,0.163762086609427,-0.84895949549728,0
1,-0.693461078584822,0.456512984773083,0
1,-0.710931868019109,-0.274714980424694,0
1,-0.659375799209066,-0.309216688639004,1
1,0.679486788794856,-0.700151030439821,1
1,-1.2297929519044,1.44881398174745,1
1,-0.173241914245485,0.977777386877156,0
1,0.609936519254584,-0.55451266970314,1
1,1.59510571468336,0.630153316754167,0
1,-1.02355853179064,0.530842990431516,0
1,1.10394253431215,-3.26714427974859,0
1,-0.657216692323002,2.46005482060727,0
1,2.1445254361748,-3.10026898768719,0
1,0.0135433935761289,2.48472845760505,0
1,-0.275153938253649,0.406316158433776,0
1,-3.34019042468945,0.428992806497407,0
1,0.369140875417278,1.46236105921581,1
1,1.07525036657735,-1.34943557404537,0
1,-1.7580554135943,1.36932909326273,0
1,0.76670411374392,-1.63788704625468,1
1,1.70075230338276,-2.69049293773319,0
1,-2.06512527443908,2.60604682749336,0
1,0.996029794638074,-1.22532546477297,0
1,-1.00450851478702,-0.188926827575664,0
1,1.08178874722882,-1.16590556294088,0
1,-0.643442694364133,1.66181242959843,0
1,0.366110585229254,-0.951693534940006,0
1,-0.358002900971465,0.188767869591464,0
1,-1.85303043652171,1.37635770784433,1
1,-0.411794890901234,-1.23619021491207,0
1,-0.0448067415559805,-0.944647744241298,1
1,-0.857645252134381,-0.547130261948156,0
1,1.34605486281698,-1.66450477456835,0
1,-2.25148403847548,2.29498043484898,0
1,1.15486773785949,-1.16036378738339,0
1,-0.483889071575664,1.27856334889509,1
1,-0.409798224922099,1.49336784217848,0
1,1.03551529017995,-0.63692314440517,0
1,-0.213764834764263,0.808225757580656,0
1,1.1081742982853,0.0338066814855067,0
1,-0.939843213568526,-0.624871391281417,0
1,0.320054801012277,0.254092512716637,0
1,1.2134137800397,-1.2106944773061,1
1,-1.58732719346554,0.469413616297587,0
1,0.530376109245913,-1.93329016104381,0
1,-0.773502424605641,1.58283685399331,1
1,-0.669745159999937,0.828598089412544,0
1,-0.188906969625724,-0.854992370368825,1
1,0.747518433528972,-0.609737467348508,0
1,-0.523635202661605,1.74015659008614,0
1,0.217091338727924,-1.0853015975115,0
1,-1.58105142834287,2.08239005008966,0
1,-0.233770614747672,-0.82891765801549,0
1,0.447158045480905,-0.724090406506516,0
1,0.227473574541556,-2.14762572950851,0
1,0.619148899653412,1.53090606462265,0
1,-1.68087935040117,1.03699016542852,1
1,1.79080767331531,-0.608007389401029,1
1,-0.166442628119746,-1.26882221651521,0
1,0.884708253560277,1.29667366760057,0
1,-0.396075044793594,-1.10082403601699,0
1,-1.14394607049445,2.29941735237423,0
1,1.93163219913376,-2.56967579653441,0
1,-2.00287454425118,1.73848767084645,0
1,2.55233410321221,-2.87242109291305,0
1,-2.32152038752528,2.50945859876848,0
1,2.78915421168006,-1.05618835242647,0
1,0.0922025130890385,2.10381594528939,0
1,-1.69629036214559,3.00374920245136,1
1,0.281663957925525,-0.823082254458499,0
1,-1.95049255383331,-0.300630248870918,0
1,0.438086944876186,-0.298830932316929,0
1,-1.37237358670421,0.655005036368838,0
1,1.61121162145233,-3.30736856139955,1
1,2.85435765358314,-2.01894604419708,0
1,-1.08891272529417,0.0739059576056085,1
1,-0.69872078971794,1.88232532087779,0
1,-0.0272742015830258,-0.564773209128995,0
1,-0.964709822767687,2.62761750725681,0
1,3.16768432203242,-0.405379041025587,1
1,1.56574874721696,-0.445460813944567,0
1,-1.63294122596152,1.09850263307282,0
1,1.28040600951766,-1.83957603001358,0
1,-1.66399375791662,2.40699494001085,0
1,2.37325444225838,0.407650762372104,0
1,-1.5185562169097,0.292008861664213,0
1,0.0887545023969564,-0.781429591994973,0
1,-1.34711978534048,-0.802934724035203,0
1,0.00654667596419756,-0.119632180014258,0
1,-2.04998867188082,1.53916048551589,0
1,1.41532142199511,-0.353020224245471,0
1,-1.65953327527433,2.32958024648302,0
1,1.49233390997066,-0.741513181424557,0
1,-0.589324876353207,-0.0450794397629344,0
1,1.10700149704894,0.638266572365174,0
1,0.197072556602992,-0.324109479037773,0
1,-0.546689114574048,1.90462681632959,1
1,1.32515632845521,-0.646438033340107,0
1,-0.309998667425259,-1.55756658963979,1
1,-1.75124093391385,1.12394340902264,0
1,1.43199457589391,-2.78859594669559,0
1,0.736843801238897,3.02039642007304,0
1,0.240702512538741,-0.470208605360913,0
1,0.432553019732532,0.208990974575347,0
1,0.541935840228103,-0.739180419369776,0
1,0.719719230843681,-0.697217773202229,0
1,-0.289941358458198,-1.15161654269596,0
1,-0.552096480480147,-0.404497215906849,1
1,-0.796561430383751,0.742105558454971,0
1,-0.426484982647684,-1.45532638709512,0
1,-0.401647360065496,1.96786241866813,0
1,0.693267148510464,-1.34757377013344,0
1,0.619674433531893,1.87176502550117,0
1,0.679096680164111,-3.09039946390809,0
1,-2.00013452959928,2.88076824955765,0
1,2.49464904743914,-2.64413698300132,0
1,-1.38210151333557,1.84377063962289,0
1,2.13565079840557,0.528110923455029,0
1,1.50543087892087,-2.08911700628821,1
1,-0.956579815384874,0.348412824206425,0
1,-0.740556292210772,1.54392097158581,1
1,1.15024652140893,-1.45540564531875,0
1,-2.44889176155752,0.779218129437503,0
1,2.50660912996304,-2.86659876498361,0
1,-1.14794897930255,2.28074291346981,0
1,0.198344822187539,0.423530124159133,0
1,-1.17721323333454,0.619142704250288,0
1,0.234417932385384,0.665281730598851,0
1,1.8459633335965,-3.5130350615593,1
1,-2.00538953143842,-0.681756840648855,0
1,1.91994790958689,-2.07082872734413,0
1,-0.929930387786742,1.02194781063566,1
1,-2.64420883226498,3.54132289371688,0
1,1.52842313457186,-0.867156452427096,0
1,-2.02165265513887,0.83788501556394,0
1,1.39592322808178,-2.33266751015755,0
1,-1.59769655663718,2.46547640961255,0
1,0.602896518461559,-0.693039122418369,0
1,-0.461666638426362,0.280990095449697,0
1,1.89622653836625,-0.712207791818273,0
1,0.0205173378741472,0.819733558878202,0
1,0.516466357225861,-2.8980506543731,0
1,-1.20187488008661,3.91284215069801,0
1,0.988990212610432,-1.15054719822075,0
1,-1.87432502714303,-0.294267903871496,0
1,1.94276265015003,-1.41566091153154,0
1,0.179574334386017,1.52175198081956,0
1,0.0710965309307616,-0.788124020649367,0
1,-1.94013360885974,0.558912012000981,0
1,0.572013085708431,-0.598340355382869,1
1,1.39565185791888,-0.777711118584289,0
1,-1.52359471675146,-0.209679228980455,0
1,-0.48769828325014,0.983808251749417,1
1,1.57188894806863,-1.26081661001907,0
1,-0.0120357733419612,2.02717789489452,0
1,-0.315725021408081,-2.12793885061073,0
1,0.67177744444084,1.58954541079997,0
1,0.077399172348397,-1.15172033910184,0
1,-0.0945639169789279,0.535857956895387,0
1,0.163905372821647,-0.539391915644077,1
1,0.0293291374105562,-0.924652027551282,0
1,0.221619485769902,1.57441340837691,0
1,0.502084116382764,-1.923870466496,0
1,-2.98780234623433,0.867314904119468,0
1,2.16969129959581,-1.97051919085129,0
1,-1.58462522464921,0.899675300354948,0
1,1.67707994899485,-1.366898826178,0
1,-1.49214832885154,1.59354870907465,0
1,2.16523720431681,-0.415349481391305,0
1,-0.116195176071586,0.144708476722525,0
1,-0.879597125765353,-1.97624998745064,0
1,-0.883122029302587,1.79620146563721,1
1,0.110582199926775,0.936239104931109,0
1,2.29778472334565,-1.08967686731369,0
1,-1.11451583437229,1.98317991429642,0
1,1.10152090612327,-1.73447175589827,0
1,-2.58071425119934,1.18538533063434,0
1,-0.512131897860007,-2.07323996235987,1
1,-1.0688162323607,2.06057901989109,1
1,0.39401202276778,0.592087910053219,0
1,2.04904206229179,-1.52408029132917,1
1,-0.724068471907826,0.608425650512167,1
1,-0.874084501099329,0.760757044031794,0
1,0.591595199796715,-0.85108078867018,0
1,-0.92720430832765,2.51260864036638,0
1,0.357225758515895,-0.972891345551789,0
1,-1.47900455845786,0.840540004248805,0
1,0.198549985158468,-0.47576270718612,0
1,-1.25369228613335,0.801313861723074,0
1,0.216018013144588,-1.3742320621612,0
1,-0.20421274350257,2.23607589186805,0
1,0.380791097904216,-0.723630150107116,1
1,1.5907685136968,-2.27464199540437,0
1,-0.547398240329097,1.02359597624811,0
1,-0.28068770316263,-0.0567425736359661,0
1,-0.612367589522258,1.34518151804281,0
1,1.47876708728547,-0.148674254909748,0
1,-1.58227834765018,1.03765849172106,1
1,0.910699481048774,0.623495616795004,1
1,-0.552725608106436,-0.714022283055284,1
1,0.772809834094734,-1.07413996451655,1
1,-0.429364096380789,0.595614102915258,1
1,-1.06103309732266,0.367311453514789,1
1,-0.904123021718012,-0.129173110840721,0
1,0.383671519163957,-1.78841392740515,0
1,0.960055527040318,1.543836583904,0
1,-1.3316391372462,-0.649907618711271,0
1,-0.218064682571364,-0.528209686215431,1
1,-0.100538473501077,1.20366554091784,0
1,0.851430731228078,-1.13908961227001,1
1,1.62687626554621,-1.41354877630777,0
1,-1.21054763052676,1.89245624072226,0
1,0.46035920831352,-1.96893453839337,0
1,-1.52885628096378,1.33089566465034,0
1,2.00294848983496,-1.5120237151597,0
1,-0.836327107506049,2.13177081468157,1
1,0.8983450580904,3.65216828021922,0
1,0.648155572529185,-0.137593620682441,1
1,0.561470859053637,-2.60394014448858,0
1,-2.13699994459938,0.29596608711092,0
1,-1.52166863906339,1.02349776134077,1
1,1.32078441433169,-1.10757642049468,0
1,1.50847883734888,0.322069039215438,1
1,-1.3121136565506,1.14387545101445,1
1,1.51573512401522,-2.14577434652031,1
1,-0.98208713302288,0.609462793607868,0
1,1.14552062135595,-1.292464163546,0
1,0.190053884759227,0.339395505839026,0
1,-0.743633382620874,0.510623170286047,1
1,1.71225716201691,-1.65808576157565,1
1,0.403151551288092,-0.956632615539996,0
1,0.0555271607500529,1.55418991989305,0
1,0.218244223268991,-0.512050103977195,0
1,-1.58162758422298,0.995493755538237,0
1,2.306846876621,0.873855079806265,0
1,1.3240437478916,-0.123498173161957,0
1,-0.178959301722248,-2.18842687055878,0
1,0.926931445793845,1.56149964452943,0
1,1.19489548952906,-1.66871944513723,0
1,-1.03510462546468,1.20563966897874,0
1,-0.14981371001786,-2.24818153858809,0
1,-1.47844419540644,1.47662966338368,0
1,1.8584278179051,-1.09154719566833,0
1,-0.419144609568405,1.88763278199905,1
1,-1.40080263060551,0.0385322540725564,0
1,1.36983445363485,-1.46120928089253,1
1,0.427296880556247,-0.113078861616952,0
1,0.0970519399550456,0.923301431211308,0
1,1.28703883371464,0.0220744632753038,0
1,-0.405499450210561,1.03684827114703,1
1,0.416925177128589,0.429072592587684,0
1,1.34828920499155,0.167393658854293,1
1,1.11491686366128,-2.98341051107539,0
1,-0.466034473577691,0.833825207159439,1
1,-2.80196896876528,2.11180658734356,0
1,1.28210829765601,-0.653848822657698,0
1,-1.47267697573663,0.683882844541312,0
1,0.756792654828068,-1.4661678104101,0
1,-1.1462619559952,-0.83395338216983,1
1,-2.26885097817638,2.92598151832753,0
1,2.38508336008383,-1.62106163381794,0
1,-2.61284167436663,1.3232852164243,0
1,2.8583183582694,-1.57520289487805,0
1,-0.946883806606594,0.878215871284703,0
1,1.6481250279077,-2.55509102241738,0
1,-0.675013549519281,1.53227102143167,0
1,1.1076867852788,-1.22198283074115,0
1,-0.611222208736742,2.27102572800149,0
1,-0.649181675369374,-3.20682118812387,0
1,0.657859514203178,-0.713167893267616,1
1,-1.08276158358188,0.266399325472229,0
1,0.177459577150932,0.218275832347832,1
1,0.920502287728417,-1.58720666397982,0
1,-2.38960434864433,0.472114929171218,0
1,2.45779188989759,0.208636201999769,0
1,-0.504468628836531,1.21092099412584,0
1,0.999698477181406,-1.31085917164854,0
1,-3.10282541646912,0.749408384095303,0
1,0.0269590559364774,-0.45377065177538,0
1,-0.492687398454531,1.88165682779519,0
1,0.858782576413072,-2.53501271041251,0
1,-0.240540755202993,1.49600178789005,0
1,1.81176918511958,-0.938810735059403,0
1,-0.737992907537622,0.492560007649119,0
1,0.611880567470538,-1.15753729636839,0
1,-1.19202096425071,1.04041582689684,1
1,-1.06532157151225,1.35850117630756,0
1,1.71004700686728,-0.406692891441962,0
1,-0.72477808974126,0.0894773440055026,0
1,1.32386542937965,-0.568920082218805,0
1,-1.82733866941873,1.35136982574942,0
1,1.20238637909603,-1.61025476068734,0
1,0.881234915677615,-1.56088424281743,1
1,-1.0735780071311,1.21922250344711,0
1,0.603636224458538,-3.06337662869846,0
1,-0.716720363036375,2.63339250499461,0
1,1.36578789735328,-2.00764823614412,0
1,-0.800955798465157,1.82490055261487,0
1,-1.44779088779577,-0.0494929498594274,0
1,-1.58700521962297,2.0730650238009,0
1,1.68116799225379,-1.56151298368007,0
1,-1.22792353430925,2.1935672593453,0
1,0.994877576566555,0.20763092189786,0
1,-2.15391349540412,0.208885476401062,0
1,1.14487211665435,-2.52567334816172,0
1,1.51726128302216,0.699031987031559,0
1,-0.0735011982832225,-1.43483112938169,0
1,-0.806809236533453,1.57958792407791,0
1,1.85242840453243,-0.095206697184863,0
1,-2.70338176513906,1.42092367128956,0
1,-1.0735381309804,0.42209469725141,1
1,1.34773704382823,1.59383319561022,0
1,-2.22231902032499,-0.719006741824281,0
1,1.67881284978615,0.74005865234946,0
1,-1.64801710445119,0.393339288885437,0
1,0.995310623622439,-0.251191493456842,1
1,1.65172078729372,-0.308120219222594,0
1,-0.301470063883467,-1.96593824723603,0
1,-0.361592402853316,-1.43665351739678,0
1,-1.61520189395901,1.57110711498666,0
1,2.09072083160567,-1.76370004876808,0
1,-1.13272721104122,2.02583220968164,0
1,3.37389864996258,-3.08517202366778,0
1,-1.72504832252032,1.67377589538275,0
1,1.00110567928952,-0.987717286323288,0
1,-0.333846881304444,2.39715351864609,0
1,-0.0380626839209199,-1.50132444200214,0
1,0.916695412859129,0.408641252812608,1
1,0.283796137856418,-1.40410226924773,1
1,-0.727595864331496,-0.47390728766898,0
1,1.50678335628943,-0.751804040432673,0
1,-0.721178973582395,1.13747963520346,0
1,0.814848005316406,1.0311116633943,0
1,-0.868011807803938,3.06403669730722,1
1,-0.7342060147058,0.727926976082837,0
1,0.251788218487075,-1.00643342185157,0
1,-1.88592525033569,1.61614711565893,0
1,1.62584136156133,-1.27567121799464,0
1,-1.68944713195294,0.723012607035042,0
1,0.772976523194227,-0.885230737250013,0
1,-1.05395053360104,0.409276590207484,0
1,1.14488796173453,-2.66035506689194,0
1,-0.45120503405185,1.16247018506699,0
1,-0.62751403796027,-2.76514487044835,1
1,-0.976991912303136,2.5828735210925,1
1,-0.936751618941377,-1.32903514324842,0
1,-1.31788872332169,2.11499389897031,0
1,1.53526133659264,0.738497617310797,0
1,-0.82005989680633,-0.897406559327783,0
1,0.569471395125349,-1.64943965731589,0
1,-0.701705729609661,-0.406162983307399,0
1,-0.231081281555451,-2.60204198586975,1
1,1.3077239453956,-1.0341407132586,0
1,0.596370865971051,1.71307299205805,1
1,-2.05825058198299,1.44036926920947,0
1,0.255855450001191,-1.45771512438774,0
1,0.696220513699602,0.680800244087221,0
1,-0.63253610980828,0.547200004082279,0
1,-2.34471299509683,0.553433332551185,0
1,2.47412456950093,-0.916947816711771,0
1,-1.01869360628335,0.984515473145871,0
1,0.092996770043874,-0.551648034170908,0
1,-1.87537951286624,1.20526169467893,0
1,1.90365592936115,-1.07693032572816,1
1,0.388530064288421,-1.11491450197999,0
1,-0.959317333336473,-0.384889715175904,0
1,1.05170270842771,-0.864763508541525,0
1,-1.13527208905994,-0.220264669303919,0
1,-0.362310533974731,-1.00898808799656,0
1,0.0757649927360058,-0.414213283431809,0
1,-1.3362060224838,1.14242071833447,0
1,-0.930515268596332,-0.960532957955416,0
1,1.6270722848095,-1.24732591862148,0
1,1.33062614985316,0.57901160339482,0
1,-1.14449707728871,1.92547577475105,1
1,0.0328470506932868,-1.12396466374587,0
1,-2.02530332537206,0.648895574174218,0
1,2.63284084059521,-0.538588283193771,0
1,-1.55179101732048,0.42143167937405,0
1,4.48162508522176,0.909327006583836,0
1,2.05150176166291,-0.874863674092421,1
1,-0.34074984003445,-0.83789430337283,0
1,0.981316787112221,-1.60304377133508,0
1,-1.01276418422439,0.00816113448417366,1
1,1.08726668327619,0.608845568100241,1
1,1.56021843414417,-0.131673122993777,0
1,-0.471885796733083,-0.691005097907677,0
1,-1.70433505823929,0.839203729115152,0
1,0.503721636135071,0.320638992531423,0
1,-1.69361265545943,0.972941856479085,1
1,1.77636907567147,0.0750528859265569,1
1,0.391493413436167,-0.39899888711503,0
1,1.33494436083015,-0.95010104714768,0
1,-0.651000791986906,1.81946356656341,0
1,-0.491966238987782,-0.662014319230342,0
1,0.0547609193305092,-0.273237636858992,0
1,0.0345436818527745,-1.08534560401909,0
1,-0.593842691628232,1.44749412408797,0
1,-1.92662950539997,-0.499009704516044,1
1,0.432353514823957,-1.55861908904234,0
1,-1.15027785524643,1.37616314832594,0
1,1.12695247665445,-0.851572143327201,0
1,-1.50706299672515,0.494602635488651,0
1,1.55794509021976,-0.792003857814405,1
1,2.0321832686926,-2.83199468217364,0
1,-0.664036222013735,3.45469858124281,0
1,2.46248430084347,-1.73602772318076,0
1,-0.955914423949945,0.966059014292642,1
1,2.02255625219529,-0.0385902059836555,1
1,-1.74159550478348,1.40694925514347,0
1,0.896880085744044,-2.0321457617598,0
1,-0.244998939217975,1.07576269604978,0
1,-0.992232624925265,-1.83886755511786,0
1,-0.663864148204519,2.24434379393409,0
1,1.26453498376745,-0.0716406886497539,0
1,-0.731439200086387,1.40019485184842,0
